{"version": "1", "message": "ERROR: Hidden Testcases server unreachable.", "problem_id": "cspp1_m10_a1_1", "user_id": "jprasanthkumar28", "score": {"sample": {"0": {"execution_time": 0.06304073333740234, "passed": true}, "1": {"execution_time": 0.06304216384887695, "passed": true}, "2": {"execution_time": 0.061043500900268555, "passed": true}, "3": {"execution_time": 0.0600438117980957, "passed": false}, "4": {"execution_time": 0.059540510177612305, "passed": true}, "5": {"execution_time": 0.058542490005493164, "passed": false}, "6": {"execution_time": 0.0625452995300293, "passed": true}, "7": {"execution_time": 0.06204581260681152, "passed": false}, "8": {"execution_time": 0.05993223190307617, "passed": false}, "9": {"execution_time": 0.0609126091003418, "passed": false}, "10": {"execution_time": 0.06504654884338379, "passed": true}, "11": {"execution_time": 0.06002330780029297, "passed": true}, "12": {"execution_time": 0.06104564666748047, "passed": false}, "13": {"execution_time": 0.06296229362487793, "passed": false}, "14": {"execution_time": 0.06044363975524902, "passed": false}, "15": {"execution_time": 0.06004142761230469, "passed": false}, "16": {"execution_time": 0.064208984375, "passed": false}, "17": {"execution_time": 0.06104254722595215, "passed": true}, "18": {"execution_time": 0.0600428581237793, "passed": false}, "19": {"execution_time": 0.059397220611572266, "passed": false}, "20": {"execution_time": 0.059213876724243164, "passed": true}, "21": {"execution_time": 0.062188148498535156, "passed": false}, "22": {"execution_time": 0.06004142761230469, "passed": false}, "23": {"execution_time": 0.06204342842102051, "passed": false}, "24": {"execution_time": 0.059040069580078125, "passed": false}}}, "pylint_score": "3/10"}