{"version": "1", "message": "ERROR: Hidden Testcases server unreachable.", "problem_id": "cspp1_m10_a1_1", "user_id": "jprasanthkumar28", "score": {"sample": {"0": {"execution_time": 0.1266922950744629, "passed": true}, "1": {"execution_time": 0.07813024520874023, "passed": true}, "2": {"execution_time": 0.06251668930053711, "passed": true}, "3": {"execution_time": 0.06248068809509277, "passed": true}, "4": {"execution_time": 0.0625154972076416, "passed": true}, "5": {"execution_time": 0.06250524520874023, "passed": true}, "6": {"execution_time": 0.062480926513671875, "passed": true}, "7": {"execution_time": 0.06249713897705078, "passed": true}, "8": {"execution_time": 0.0677804946899414, "passed": true}, "9": {"execution_time": 0.07812309265136719, "passed": true}, "10": {"execution_time": 0.0625007152557373, "passed": true}, "11": {"execution_time": 0.04688239097595215, "passed": true}, "12": {"execution_time": 0.04687356948852539, "passed": true}, "13": {"execution_time": 0.06810259819030762, "passed": true}, "14": {"execution_time": 0.06249856948852539, "passed": true}, "15": {"execution_time": 0.06810760498046875, "passed": true}, "16": {"execution_time": 0.0624997615814209, "passed": true}, "17": {"execution_time": 0.0781259536743164, "passed": false}, "18": {"execution_time": 0.0625002384185791, "passed": true}, "19": {"execution_time": 0.07812619209289551, "passed": true}, "20": {"execution_time": 0.07813262939453125, "passed": true}, "21": {"execution_time": 0.06251382827758789, "passed": true}, "22": {"execution_time": 0.07490158081054688, "passed": true}, "23": {"execution_time": 0.05146479606628418, "passed": true}, "24": {"execution_time": 0.06248116493225098, "passed": true}}}, "pylint_score": "4/10"}