{"version": "1", "message": "ERROR: Hidden Testcases server unreachable.", "problem_id": "cspp1_m10_a1_1", "user_id": "jprasanthkumar28", "score": {"sample": {"0": {"execution_time": 0.06504535675048828, "passed": true}, "1": {"execution_time": 0.06505489349365234, "passed": true}, "2": {"execution_time": 0.06354522705078125, "passed": true}, "3": {"execution_time": 0.06502842903137207, "passed": true}, "4": {"execution_time": 0.06354498863220215, "passed": true}, "5": {"execution_time": 0.06753206253051758, "passed": false}, "6": {"execution_time": 0.06554794311523438, "passed": true}, "7": {"execution_time": 0.06554675102233887, "passed": true}, "8": {"execution_time": 0.06604671478271484, "passed": true}, "9": {"execution_time": 0.07305216789245605, "passed": false}, "10": {"execution_time": 0.06454753875732422, "passed": true}, "11": {"execution_time": 0.06404471397399902, "passed": true}, "12": {"execution_time": 0.06654810905456543, "passed": true}, "13": {"execution_time": 0.06604242324829102, "passed": false}, "14": {"execution_time": 0.06504654884338379, "passed": false}, "15": {"execution_time": 0.06554627418518066, "passed": false}, "16": {"execution_time": 0.06404495239257812, "passed": false}, "17": {"execution_time": 0.06254458427429199, "passed": false}, "18": {"execution_time": 0.06554865837097168, "passed": false}, "19": {"execution_time": 0.06554889678955078, "passed": false}, "20": {"execution_time": 0.06405806541442871, "passed": false}, "21": {"execution_time": 0.06404423713684082, "passed": false}, "22": {"execution_time": 0.06404471397399902, "passed": false}, "23": {"execution_time": 0.06453061103820801, "passed": false}, "24": {"execution_time": 0.06504702568054199, "passed": false}}}, "pylint_score": "3/10"}