{"version": "1", "message": "ERROR: Hidden Testcases server unreachable.", "problem_id": "cspp1_m10_a1_1", "user_id": "jprasanthkumar28", "score": {"sample": {"0": {"execution_time": 0.09256339073181152, "passed": false}, "1": {"execution_time": 0.06154370307922363, "passed": true}, "2": {"execution_time": 0.06154274940490723, "passed": true}, "3": {"execution_time": 0.06104564666748047, "passed": true}, "4": {"execution_time": 0.06354498863220215, "passed": true}, "5": {"execution_time": 0.06404471397399902, "passed": false}, "6": {"execution_time": 0.06004738807678223, "passed": true}, "7": {"execution_time": 0.05954098701477051, "passed": true}, "8": {"execution_time": 0.06554651260375977, "passed": true}, "9": {"execution_time": 0.06004023551940918, "passed": false}, "10": {"execution_time": 0.06354236602783203, "passed": true}, "11": {"execution_time": 0.04930257797241211, "passed": true}, "12": {"execution_time": 0.06250238418579102, "passed": true}, "13": {"execution_time": 0.06860852241516113, "passed": false}, "14": {"execution_time": 0.059969425201416016, "passed": false}, "15": {"execution_time": 0.06252145767211914, "passed": false}, "16": {"execution_time": 0.06250166893005371, "passed": false}, "17": {"execution_time": 0.0624997615814209, "passed": false}, "18": {"execution_time": 0.06248164176940918, "passed": false}, "19": {"execution_time": 0.0468745231628418, "passed": false}, "20": {"execution_time": 0.06252026557922363, "passed": false}, "21": {"execution_time": 0.06248331069946289, "passed": false}, "22": {"execution_time": 0.06251859664916992, "passed": false}, "23": {"execution_time": 0.0624842643737793, "passed": false}, "24": {"execution_time": 0.06249856948852539, "passed": false}}}, "pylint_score": "3/10"}