{"version": "1", "message": "ERROR: Hidden Testcases server unreachable.", "problem_id": "cspp1_m10_a1_1", "user_id": "jprasanthkumar28", "score": {"sample": {"0": {"execution_time": 0.09006285667419434, "passed": true}, "1": {"execution_time": 0.05954742431640625, "passed": true}, "2": {"execution_time": 0.060543060302734375, "passed": true}, "3": {"execution_time": 0.10505127906799316, "passed": true}, "4": {"execution_time": 0.05954122543334961, "passed": true}, "5": {"execution_time": 0.06003546714782715, "passed": false}, "6": {"execution_time": 0.15622591972351074, "passed": true}, "7": {"execution_time": 0.046895742416381836, "passed": true}, "8": {"execution_time": 0.06249856948852539, "passed": true}, "9": {"execution_time": 0.06252098083496094, "passed": false}, "10": {"execution_time": 0.06248664855957031, "passed": true}, "11": {"execution_time": 0.0625, "passed": true}, "12": {"execution_time": 0.046874284744262695, "passed": true}, "13": {"execution_time": 0.06248068809509277, "passed": false}, "14": {"execution_time": 0.0625007152557373, "passed": false}, "15": {"execution_time": 0.0624842643737793, "passed": false}, "16": {"execution_time": 0.06251001358032227, "passed": false}, "17": {"execution_time": 0.04689598083496094, "passed": false}, "18": {"execution_time": 0.0624842643737793, "passed": false}, "19": {"execution_time": 0.06251811981201172, "passed": false}, "20": {"execution_time": 0.06248021125793457, "passed": false}, "21": {"execution_time": 0.06252050399780273, "passed": false}, "22": {"execution_time": 0.06248283386230469, "passed": false}, "23": {"execution_time": 0.04687857627868652, "passed": false}, "24": {"execution_time": 0.06248021125793457, "passed": false}}}, "pylint_score": "4/10"}