{"version": "1", "message": "ERROR: Hidden Testcases server unreachable.", "problem_id": "cspp1_m10_a1_1", "user_id": "jprasanthkumar28", "score": {"sample": {"0": {"execution_time": 0.07155060768127441, "passed": true}, "1": {"execution_time": 0.07005071640014648, "passed": true}, "2": {"execution_time": 0.059542179107666016, "passed": true}, "3": {"execution_time": 0.06104326248168945, "passed": false}, "4": {"execution_time": 0.06054258346557617, "passed": true}, "5": {"execution_time": 0.06004023551940918, "passed": false}, "6": {"execution_time": 0.0645442008972168, "passed": true}, "7": {"execution_time": 0.06202840805053711, "passed": false}, "8": {"execution_time": 0.06304287910461426, "passed": false}, "9": {"execution_time": 0.06904935836791992, "passed": false}, "10": {"execution_time": 0.06054282188415527, "passed": true}, "11": {"execution_time": 0.06454730033874512, "passed": true}, "12": {"execution_time": 0.06104421615600586, "passed": false}, "13": {"execution_time": 0.06104326248168945, "passed": false}, "14": {"execution_time": 0.0670473575592041, "passed": false}, "15": {"execution_time": 0.06304287910461426, "passed": false}, "16": {"execution_time": 0.06636285781860352, "passed": false}, "17": {"execution_time": 0.06604981422424316, "passed": true}, "18": {"execution_time": 0.05959916114807129, "passed": false}, "19": {"execution_time": 0.0592951774597168, "passed": false}, "20": {"execution_time": 0.059040069580078125, "passed": true}, "21": {"execution_time": 0.0600428581237793, "passed": false}, "22": {"execution_time": 0.059041738510131836, "passed": false}, "23": {"execution_time": 0.06208324432373047, "passed": false}, "24": {"execution_time": 0.0600428581237793, "passed": false}}}, "pylint_score": "3/10"}