{"version": "1", "message": "ERROR: Hidden Testcases server unreachable.", "problem_id": "final_exam_a1_1", "user_id": "jprasanthkumar28", "score": {"sample": {"0": {"execution_time": 0.11958479881286621, "passed": true}, "1": {"execution_time": 0.06004071235656738, "passed": true}, "2": {"execution_time": 0.06504702568054199, "passed": true}, "3": {"execution_time": 0.06004071235656738, "passed": true}, "4": {"execution_time": 0.059539794921875, "passed": true}, "5": {"execution_time": 0.06604290008544922, "passed": true}, "6": {"execution_time": 0.07505297660827637, "passed": true}, "7": {"execution_time": 0.0615239143371582, "passed": true}, "8": {"execution_time": 0.06054210662841797, "passed": false}, "9": {"execution_time": 0.0625452995300293, "passed": false}, "10": {"execution_time": 0.06004047393798828, "passed": false}, "11": {"execution_time": 0.0625460147857666, "passed": false}, "12": {"execution_time": 0.06157493591308594, "passed": false}, "13": {"execution_time": 0.06004929542541504, "passed": false}}}, "pylint_score": "-2/10"}