{"version": "1", "message": "ERROR: Hidden Testcases server unreachable.", "problem_id": "final_exam_a1_1", "user_id": "jprasanthkumar28", "score": {"sample": {"0": {"execution_time": 0.08806252479553223, "passed": true}, "1": {"execution_time": 0.0860590934753418, "passed": true}, "2": {"execution_time": 0.0809326171875, "passed": true}, "3": {"execution_time": 0.08005619049072266, "passed": true}, "4": {"execution_time": 0.08105731010437012, "passed": true}, "5": {"execution_time": 0.08050131797790527, "passed": true}, "6": {"execution_time": 0.08807921409606934, "passed": false}, "7": {"execution_time": 0.07967901229858398, "passed": false}, "8": {"execution_time": 0.07886815071105957, "passed": false}, "9": {"execution_time": 0.07305169105529785, "passed": false}, "10": {"execution_time": 0.07705497741699219, "passed": false}, "11": {"execution_time": 0.09678792953491211, "passed": false}, "12": {"execution_time": 0.0800633430480957, "passed": false}, "13": {"execution_time": 0.07604742050170898, "passed": false}}}, "pylint_score": "-2/10"}