{"version": "1", "message": "ERROR: Hidden Testcases server unreachable.", "problem_id": "final_exam_a1_1", "user_id": "jprasanthkumar28", "score": {"sample": {"0": {"execution_time": 0.08956599235534668, "passed": true}, "1": {"execution_time": 0.08355927467346191, "passed": true}, "2": {"execution_time": 0.08656024932861328, "passed": true}, "3": {"execution_time": 0.07555246353149414, "passed": true}, "4": {"execution_time": 0.0835568904876709, "passed": true}, "5": {"execution_time": 0.08255863189697266, "passed": true}, "6": {"execution_time": 0.08156204223632812, "passed": true}, "7": {"execution_time": 0.08046221733093262, "passed": true}, "8": {"execution_time": 0.08606171607971191, "passed": false}, "9": {"execution_time": 0.0758504867553711, "passed": false}, "10": {"execution_time": 0.09706997871398926, "passed": false}, "11": {"execution_time": 0.09406495094299316, "passed": false}, "12": {"execution_time": 0.08505988121032715, "passed": false}, "13": {"execution_time": 0.08142566680908203, "passed": false}}}, "pylint_score": "-2/10"}