{"version": "1", "message": "ERROR: Hidden Testcases server unreachable.", "problem_id": "final_exam_a1_1", "user_id": "jprasanthkumar28", "score": {"sample": {"0": {"execution_time": 0.08155608177185059, "passed": true}, "1": {"execution_time": 0.08166790008544922, "passed": true}, "2": {"execution_time": 0.09306645393371582, "passed": true}, "3": {"execution_time": 0.08406305313110352, "passed": true}, "4": {"execution_time": 0.08606171607971191, "passed": false}, "5": {"execution_time": 0.08602666854858398, "passed": false}, "6": {"execution_time": 0.08205699920654297, "passed": false}, "7": {"execution_time": 0.07505249977111816, "passed": false}, "8": {"execution_time": 0.07805609703063965, "passed": false}, "9": {"execution_time": 0.11908411979675293, "passed": false}, "10": {"execution_time": 0.0790557861328125, "passed": false}, "11": {"execution_time": 0.08305931091308594, "passed": false}, "12": {"execution_time": 0.07205080986022949, "passed": false}, "13": {"execution_time": 0.08209681510925293, "passed": false}}}, "pylint_score": "-3/10"}