{"version": "1", "message": "ERROR: Hidden Testcases server unreachable.", "problem_id": "final_exam_a1_1", "user_id": "jprasanthkumar28", "score": {"sample": {"0": {"execution_time": 0.08806324005126953, "passed": true}, "1": {"execution_time": 0.08255887031555176, "passed": true}, "2": {"execution_time": 0.07955455780029297, "passed": true}, "3": {"execution_time": 0.09756875038146973, "passed": true}, "4": {"execution_time": 0.08556008338928223, "passed": true}, "5": {"execution_time": 0.08505916595458984, "passed": true}, "6": {"execution_time": 0.07805538177490234, "passed": false}, "7": {"execution_time": 0.08256340026855469, "passed": false}, "8": {"execution_time": 0.07104992866516113, "passed": false}, "9": {"execution_time": 0.07804346084594727, "passed": false}, "10": {"execution_time": 0.08182477951049805, "passed": false}, "11": {"execution_time": 0.08349156379699707, "passed": false}, "12": {"execution_time": 0.07504940032958984, "passed": false}, "13": {"execution_time": 0.07905769348144531, "passed": false}}}, "pylint_score": "-3/10"}