{"version": "1", "message": "ERROR: Hidden Testcases server unreachable.", "problem_id": "final_exam_a1_1", "user_id": "jprasanthkumar28", "score": {"sample": {"0": {"execution_time": 0.12308692932128906, "passed": true}, "1": {"execution_time": 0.06604886054992676, "passed": true}, "2": {"execution_time": 0.0620269775390625, "passed": true}, "3": {"execution_time": 0.06604576110839844, "passed": true}, "4": {"execution_time": 0.061043739318847656, "passed": true}, "5": {"execution_time": 0.06098151206970215, "passed": true}, "6": {"execution_time": 0.06271481513977051, "passed": false}, "7": {"execution_time": 0.06204533576965332, "passed": false}, "8": {"execution_time": 0.05802178382873535, "passed": false}, "9": {"execution_time": 0.05883455276489258, "passed": false}, "10": {"execution_time": 0.05802559852600098, "passed": false}, "11": {"execution_time": 0.05900073051452637, "passed": false}, "12": {"execution_time": 0.06004023551940918, "passed": false}, "13": {"execution_time": 0.05904531478881836, "passed": false}}}, "pylint_score": "-2/10"}