{"version": "1", "message": "ERROR: Hidden Testcases server unreachable.", "problem_id": "final_exam_a1_1", "user_id": "jprasanthkumar28", "score": {"sample": {"0": {"execution_time": 0.29598093032836914, "passed": true}, "1": {"execution_time": 0.251678466796875, "passed": true}, "2": {"execution_time": 0.2642555236816406, "passed": true}, "3": {"execution_time": 0.26018500328063965, "passed": false}, "4": {"execution_time": 0.32762789726257324, "passed": false}, "5": {"execution_time": 0.2521812915802002, "passed": false}, "6": {"execution_time": 0.2793865203857422, "passed": true}, "7": {"execution_time": 0.2867605686187744, "passed": true}, "8": {"execution_time": 0.1636357307434082, "passed": false}, "9": {"execution_time": 0.17242670059204102, "passed": false}, "10": {"execution_time": 0.18012785911560059, "passed": false}, "11": {"execution_time": 0.1709282398223877, "passed": true}, "12": {"execution_time": 0.1866319179534912, "passed": true}, "13": {"execution_time": 0.369459867477417, "passed": true}}}, "check_style_score": "0/1"}