{"version": "1", "message": "ERROR: Hidden Testcases server unreachable.", "problem_id": "final_exam_a1_1", "user_id": "jprasanthkumar28", "score": {"sample": {"0": {"execution_time": 0.07905983924865723, "passed": true}, "1": {"execution_time": 0.08316636085510254, "passed": true}, "2": {"execution_time": 0.09106612205505371, "passed": true}, "3": {"execution_time": 0.07605409622192383, "passed": true}, "4": {"execution_time": 0.08425116539001465, "passed": false}, "5": {"execution_time": 0.08906245231628418, "passed": false}, "6": {"execution_time": 0.08003115653991699, "passed": false}, "7": {"execution_time": 0.07405328750610352, "passed": false}, "8": {"execution_time": 0.07779049873352051, "passed": false}, "9": {"execution_time": 0.07706427574157715, "passed": false}, "10": {"execution_time": 0.09205985069274902, "passed": false}, "11": {"execution_time": 0.08906102180480957, "passed": false}, "12": {"execution_time": 0.08405923843383789, "passed": false}, "13": {"execution_time": 0.07905840873718262, "passed": false}}}, "pylint_score": "-2/10"}