{"version": "1", "message": "ERROR: Hidden Testcases server unreachable.", "problem_id": "final_exam_a1_1", "user_id": "jprasanthkumar28", "score": {"sample": {"0": {"execution_time": 0.10807609558105469, "passed": true}, "1": {"execution_time": 0.09707117080688477, "passed": true}, "2": {"execution_time": 0.08556485176086426, "passed": true}, "3": {"execution_time": 0.09006428718566895, "passed": true}, "4": {"execution_time": 0.09606575965881348, "passed": false}, "5": {"execution_time": 0.08606171607971191, "passed": false}, "6": {"execution_time": 0.09106707572937012, "passed": false}, "7": {"execution_time": 0.07705259323120117, "passed": false}, "8": {"execution_time": 0.07805752754211426, "passed": false}, "9": {"execution_time": 0.08106231689453125, "passed": false}, "10": {"execution_time": 0.09306454658508301, "passed": false}, "11": {"execution_time": 0.07905840873718262, "passed": false}, "12": {"execution_time": 0.08405661582946777, "passed": false}, "13": {"execution_time": 0.07905721664428711, "passed": false}}}, "pylint_score": "-3/10"}