{"version": "1", "message": "ERROR: Hidden Testcases server unreachable.", "problem_id": "m19_a1", "user_id": "jprasanthkumar28", "score": {"sample": {"0": {"execution_time": 0.08706212043762207, "passed": false}, "1": {"execution_time": 0.08376717567443848, "passed": false}, "2": {"execution_time": 0.0790557861328125, "passed": false}, "3": {"execution_time": 0.0855717658996582, "passed": false}, "4": {"execution_time": 0.0840613842010498, "passed": false}, "5": {"execution_time": 0.08806276321411133, "passed": false}, "6": {"execution_time": 0.08706378936767578, "passed": false}, "7": {"execution_time": 0.08405709266662598, "passed": false}, "8": {"execution_time": 0.09606790542602539, "passed": false}, "9": {"execution_time": 0.08204007148742676, "passed": false}, "10": {"execution_time": 0.08359646797180176, "passed": false}, "11": {"execution_time": 0.09607124328613281, "passed": false}, "12": {"execution_time": 0.08405709266662598, "passed": false}}}, "pylint_score": "-5/10"}