{"version": "1", "message": "ERROR: Hidden Testcases server unreachable.", "problem_id": "m19_a1", "user_id": "jprasanthkumar28", "score": {"sample": {"0": {"execution_time": 0.07955813407897949, "passed": false}, "1": {"execution_time": 0.08155584335327148, "passed": false}, "2": {"execution_time": 0.0935666561126709, "passed": false}, "3": {"execution_time": 0.09156560897827148, "passed": false}, "4": {"execution_time": 0.07705497741699219, "passed": false}, "5": {"execution_time": 0.08706450462341309, "passed": false}, "6": {"execution_time": 0.08906078338623047, "passed": false}, "7": {"execution_time": 0.07706117630004883, "passed": false}, "8": {"execution_time": 0.08905410766601562, "passed": false}, "9": {"execution_time": 0.08306002616882324, "passed": false}, "10": {"execution_time": 0.0740509033203125, "passed": false}, "11": {"execution_time": 0.08115124702453613, "passed": false}, "12": {"execution_time": 0.0860605239868164, "passed": false}}}, "pylint_score": "-4/10"}