{"version": "1", "message": "ERROR: Hidden Testcases server unreachable.", "problem_id": "m19_a1", "user_id": "jprasanthkumar28", "score": {"sample": {"0": {"execution_time": 0.09606814384460449, "passed": false}, "1": {"execution_time": 0.08092308044433594, "passed": false}, "2": {"execution_time": 0.0889136791229248, "passed": false}, "3": {"execution_time": 0.08053779602050781, "passed": false}, "4": {"execution_time": 0.09306573867797852, "passed": false}, "5": {"execution_time": 0.0940697193145752, "passed": false}, "6": {"execution_time": 0.08591079711914062, "passed": false}, "7": {"execution_time": 0.08806300163269043, "passed": false}, "8": {"execution_time": 0.08844208717346191, "passed": false}, "9": {"execution_time": 0.08205795288085938, "passed": false}, "10": {"execution_time": 0.08005905151367188, "passed": false}, "11": {"execution_time": 0.08205723762512207, "passed": false}, "12": {"execution_time": 0.08101868629455566, "passed": false}}}, "pylint_score": "-5/10"}