{"version": "1", "message": "ERROR: Hidden Testcases server unreachable.", "problem_id": "m19_a1", "user_id": "jprasanthkumar28", "score": {"sample": {"0": {"execution_time": 0.10206389427185059, "passed": false}, "1": {"execution_time": 0.0740518569946289, "passed": false}, "2": {"execution_time": 0.07805585861206055, "passed": false}, "3": {"execution_time": 0.07805538177490234, "passed": false}, "4": {"execution_time": 0.08005547523498535, "passed": false}, "5": {"execution_time": 0.08906173706054688, "passed": false}, "6": {"execution_time": 0.07625484466552734, "passed": false}, "7": {"execution_time": 0.08305931091308594, "passed": false}, "8": {"execution_time": 0.08306097984313965, "passed": false}, "9": {"execution_time": 0.07883644104003906, "passed": false}, "10": {"execution_time": 0.0797111988067627, "passed": false}, "11": {"execution_time": 0.07305121421813965, "passed": false}, "12": {"execution_time": 0.07905864715576172, "passed": false}}}, "pylint_score": "-5/10"}