{"version": "1", "message": "ERROR: Hidden Testcases server unreachable.", "problem_id": "m19_a1", "user_id": "jprasanthkumar28", "score": {"sample": {"0": {"execution_time": 0.10657930374145508, "passed": false}, "1": {"execution_time": 0.08906269073486328, "passed": false}, "2": {"execution_time": 0.08606147766113281, "passed": false}, "3": {"execution_time": 0.08806157112121582, "passed": false}, "4": {"execution_time": 0.08655428886413574, "passed": false}, "5": {"execution_time": 0.08455777168273926, "passed": false}, "6": {"execution_time": 0.08956360816955566, "passed": false}, "7": {"execution_time": 0.08005547523498535, "passed": false}, "8": {"execution_time": 0.08256244659423828, "passed": false}, "9": {"execution_time": 0.0835573673248291, "passed": false}, "10": {"execution_time": 0.08956074714660645, "passed": false}, "11": {"execution_time": 0.08681869506835938, "passed": false}, "12": {"execution_time": 0.08205962181091309, "passed": false}}}, "pylint_score": "-4/10"}