{"version": "1", "message": "ERROR: Hidden Testcases server unreachable.", "problem_id": "m19_a1", "user_id": "jprasanthkumar28", "score": {"sample": {"0": {"execution_time": 0.14565491676330566, "passed": false}, "1": {"execution_time": 0.11820077896118164, "passed": false}, "2": {"execution_time": 0.09206533432006836, "passed": false}, "3": {"execution_time": 0.08906221389770508, "passed": false}, "4": {"execution_time": 0.08205652236938477, "passed": false}, "5": {"execution_time": 0.0955667495727539, "passed": false}, "6": {"execution_time": 0.0915677547454834, "passed": false}, "7": {"execution_time": 0.08005571365356445, "passed": false}, "8": {"execution_time": 0.09206342697143555, "passed": false}, "9": {"execution_time": 0.09107279777526855, "passed": false}, "10": {"execution_time": 0.0815587043762207, "passed": false}, "11": {"execution_time": 0.0840616226196289, "passed": false}, "12": {"execution_time": 0.08155679702758789, "passed": false}}}, "pylint_score": "-4/10"}