{"version": "1", "message": "ERROR: Hidden Testcases server unreachable.", "problem_id": "m19_a1", "user_id": "jprasanthkumar28", "score": {"sample": {"0": {"execution_time": 0.13756895065307617, "passed": false}, "1": {"execution_time": 0.06304597854614258, "passed": false}, "2": {"execution_time": 0.06554627418518066, "passed": false}, "3": {"execution_time": 0.06104421615600586, "passed": false}, "4": {"execution_time": 0.06203174591064453, "passed": false}, "5": {"execution_time": 0.06854939460754395, "passed": false}, "6": {"execution_time": 0.06354379653930664, "passed": false}, "7": {"execution_time": 0.06252527236938477, "passed": false}, "8": {"execution_time": 0.06252551078796387, "passed": false}, "9": {"execution_time": 0.06002497673034668, "passed": false}, "10": {"execution_time": 0.060063838958740234, "passed": false}, "11": {"execution_time": 0.061536312103271484, "passed": false}, "12": {"execution_time": 0.05928850173950195, "passed": false}}}, "pylint_score": "0/0"}