{"version": "1", "message": "ERROR: Hidden Testcases server unreachable.", "problem_id": "m19_a1", "user_id": "jprasanthkumar28", "score": {"sample": {"0": {"execution_time": 0.08105731010437012, "passed": false}, "1": {"execution_time": 0.07805657386779785, "passed": false}, "2": {"execution_time": 0.0860598087310791, "passed": false}, "3": {"execution_time": 0.09706544876098633, "passed": false}, "4": {"execution_time": 0.08466863632202148, "passed": false}, "5": {"execution_time": 0.09306812286376953, "passed": false}, "6": {"execution_time": 0.08906292915344238, "passed": false}, "7": {"execution_time": 0.08305573463439941, "passed": false}, "8": {"execution_time": 0.0896604061126709, "passed": false}, "9": {"execution_time": 0.08063983917236328, "passed": false}, "10": {"execution_time": 0.0790565013885498, "passed": false}, "11": {"execution_time": 0.08406686782836914, "passed": false}, "12": {"execution_time": 0.08305740356445312, "passed": false}}}, "pylint_score": "-4/10"}