{"version": "1", "message": "ERROR: Hidden Testcases server unreachable.", "problem_id": "m19_a1", "user_id": "jprasanthkumar28", "score": {"sample": {"0": {"execution_time": 0.13509392738342285, "passed": false}, "1": {"execution_time": 0.08706355094909668, "passed": false}, "2": {"execution_time": 0.08005857467651367, "passed": false}, "3": {"execution_time": 0.08405780792236328, "passed": false}, "4": {"execution_time": 0.08425426483154297, "passed": false}, "5": {"execution_time": 0.0860602855682373, "passed": false}, "6": {"execution_time": 0.0930633544921875, "passed": false}, "7": {"execution_time": 0.079986572265625, "passed": false}, "8": {"execution_time": 0.081329345703125, "passed": false}, "9": {"execution_time": 0.09015583992004395, "passed": false}, "10": {"execution_time": 0.08566117286682129, "passed": false}, "11": {"execution_time": 0.09305787086486816, "passed": false}, "12": {"execution_time": 0.08506178855895996, "passed": false}}}, "pylint_score": "0/0"}