{"version": "1", "message": "ERROR: Hidden Testcases server unreachable.", "problem_id": "m19_a1", "user_id": "jprasanthkumar28", "score": {"sample": {"0": {"execution_time": 0.11460685729980469, "passed": false}, "1": {"execution_time": 0.06602811813354492, "passed": false}, "2": {"execution_time": 0.060042381286621094, "passed": false}, "3": {"execution_time": 0.06925392150878906, "passed": false}, "4": {"execution_time": 0.0616612434387207, "passed": false}, "5": {"execution_time": 0.06534337997436523, "passed": false}, "6": {"execution_time": 0.06404566764831543, "passed": false}, "7": {"execution_time": 0.0861811637878418, "passed": false}, "8": {"execution_time": 0.06304693222045898, "passed": false}, "9": {"execution_time": 0.06411600112915039, "passed": false}, "10": {"execution_time": 0.06504631042480469, "passed": false}, "11": {"execution_time": 0.06404566764831543, "passed": false}, "12": {"execution_time": 0.0639655590057373, "passed": false}}}, "pylint_score": "-4/10"}