{"version": "1", "message": "ERROR: Hidden Testcases server unreachable.", "problem_id": "m19_a1", "user_id": "jprasanthkumar28", "score": {"sample": {"0": {"execution_time": 0.0795741081237793, "passed": false}, "1": {"execution_time": 0.09208273887634277, "passed": false}, "2": {"execution_time": 0.09306883811950684, "passed": false}, "3": {"execution_time": 0.09706616401672363, "passed": false}, "4": {"execution_time": 0.08806300163269043, "passed": false}, "5": {"execution_time": 0.0770561695098877, "passed": false}, "6": {"execution_time": 0.08360886573791504, "passed": true}, "7": {"execution_time": 0.10257935523986816, "passed": false}, "8": {"execution_time": 0.0840609073638916, "passed": false}, "9": {"execution_time": 0.07705378532409668, "passed": false}, "10": {"execution_time": 0.09006381034851074, "passed": false}, "11": {"execution_time": 0.09043407440185547, "passed": false}, "12": {"execution_time": 0.08106637001037598, "passed": true}}}, "pylint_score": "-4/10"}