{"version": "1", "message": "ERROR: Hidden Testcases server unreachable.", "problem_id": "m19_a1", "user_id": "jprasanthkumar28", "score": {"sample": {"0": {"execution_time": 0.10956954956054688, "passed": false}, "1": {"execution_time": 0.06254196166992188, "passed": false}, "2": {"execution_time": 0.06558680534362793, "passed": false}, "3": {"execution_time": 0.06601715087890625, "passed": false}, "4": {"execution_time": 0.0600428581237793, "passed": false}, "5": {"execution_time": 0.06501913070678711, "passed": false}, "6": {"execution_time": 0.06993865966796875, "passed": false}, "7": {"execution_time": 0.06404352188110352, "passed": false}, "8": {"execution_time": 0.060540199279785156, "passed": false}, "9": {"execution_time": 0.06104111671447754, "passed": false}, "10": {"execution_time": 0.06006312370300293, "passed": false}, "11": {"execution_time": 0.06502938270568848, "passed": false}, "12": {"execution_time": 0.06704902648925781, "passed": false}}}, "pylint_score": "0/0"}