{"version": "1", "message": "ERROR: Hidden Testcases server unreachable.", "problem_id": "m19_a1", "user_id": "jprasanthkumar28", "score": {"sample": {"0": {"execution_time": 0.11104655265808105, "passed": false}, "1": {"execution_time": 0.09506654739379883, "passed": false}, "2": {"execution_time": 0.09907102584838867, "passed": false}, "3": {"execution_time": 0.09056711196899414, "passed": false}, "4": {"execution_time": 0.11308097839355469, "passed": false}, "5": {"execution_time": 0.08906197547912598, "passed": false}, "6": {"execution_time": 0.08706212043762207, "passed": true}, "7": {"execution_time": 0.09506773948669434, "passed": false}, "8": {"execution_time": 0.08806467056274414, "passed": false}, "9": {"execution_time": 0.08205580711364746, "passed": false}, "10": {"execution_time": 0.08205890655517578, "passed": false}, "11": {"execution_time": 0.07705855369567871, "passed": false}, "12": {"execution_time": 0.08506107330322266, "passed": true}}}, "pylint_score": "-4/10"}