{"version": "1", "message": "ERROR: Hidden Testcases server unreachable.", "problem_id": "m19_a1", "user_id": "jprasanthkumar28", "score": {"sample": {"0": {"execution_time": 0.12758898735046387, "passed": false}, "1": {"execution_time": 0.08405947685241699, "passed": false}, "2": {"execution_time": 0.08606410026550293, "passed": false}, "3": {"execution_time": 0.08557987213134766, "passed": false}, "4": {"execution_time": 0.07705068588256836, "passed": false}, "5": {"execution_time": 0.0887441635131836, "passed": false}, "6": {"execution_time": 0.08656024932861328, "passed": false}, "7": {"execution_time": 0.0770573616027832, "passed": false}, "8": {"execution_time": 0.08838129043579102, "passed": false}, "9": {"execution_time": 0.08506226539611816, "passed": false}, "10": {"execution_time": 0.08105731010437012, "passed": false}, "11": {"execution_time": 0.08304595947265625, "passed": false}, "12": {"execution_time": 0.08011412620544434, "passed": false}}}, "pylint_score": "-5/10"}