{"version": "1", "message": "ERROR: Hidden Testcases server unreachable.", "problem_id": "m19_a1", "user_id": "jprasanthkumar28", "score": {"sample": {"0": {"execution_time": 0.12208342552185059, "passed": false}, "1": {"execution_time": 0.10107016563415527, "passed": false}, "2": {"execution_time": 0.09006452560424805, "passed": false}, "3": {"execution_time": 0.09607172012329102, "passed": false}, "4": {"execution_time": 0.09320354461669922, "passed": false}, "5": {"execution_time": 0.09106683731079102, "passed": false}, "6": {"execution_time": 0.09456467628479004, "passed": false}, "7": {"execution_time": 0.09206819534301758, "passed": false}, "8": {"execution_time": 0.09156656265258789, "passed": false}, "9": {"execution_time": 0.10457801818847656, "passed": false}, "10": {"execution_time": 0.09256458282470703, "passed": false}, "11": {"execution_time": 0.08456110954284668, "passed": false}, "12": {"execution_time": 0.08355903625488281, "passed": false}}}, "pylint_score": "-5/10"}