{"version": "1", "message": "ERROR: Hidden Testcases server unreachable.", "problem_id": "m19_a1", "user_id": "jprasanthkumar28", "score": {"sample": {"0": {"execution_time": 0.09606623649597168, "passed": false}, "1": {"execution_time": 0.08757352828979492, "passed": false}, "2": {"execution_time": 0.08654570579528809, "passed": false}, "3": {"execution_time": 0.08656859397888184, "passed": false}, "4": {"execution_time": 0.09889936447143555, "passed": false}, "5": {"execution_time": 0.09006381034851074, "passed": false}, "6": {"execution_time": 0.0960700511932373, "passed": false}, "7": {"execution_time": 0.09914112091064453, "passed": false}, "8": {"execution_time": 0.08003902435302734, "passed": false}, "9": {"execution_time": 0.0900416374206543, "passed": false}, "10": {"execution_time": 0.0910654067993164, "passed": false}, "11": {"execution_time": 0.08671188354492188, "passed": false}, "12": {"execution_time": 0.10407447814941406, "passed": false}}}, "pylint_score": "-4/10"}