{"version": "1", "message": "ERROR: Hidden Testcases server unreachable.", "problem_id": "m19_a1", "user_id": "jprasanthkumar28", "score": {"sample": {"0": {"execution_time": 0.15178966522216797, "passed": false}, "1": {"execution_time": 0.08205032348632812, "passed": false}, "2": {"execution_time": 0.06624245643615723, "passed": false}, "3": {"execution_time": 0.06317901611328125, "passed": false}, "4": {"execution_time": 0.06295228004455566, "passed": false}, "5": {"execution_time": 0.06204867362976074, "passed": false}, "6": {"execution_time": 0.060445308685302734, "passed": false}, "7": {"execution_time": 0.0620427131652832, "passed": false}, "8": {"execution_time": 0.06070208549499512, "passed": false}, "9": {"execution_time": 0.06304502487182617, "passed": false}, "10": {"execution_time": 0.06504392623901367, "passed": false}, "11": {"execution_time": 0.06319665908813477, "passed": false}, "12": {"execution_time": 0.06215500831604004, "passed": false}}}, "pylint_score": "-6/10"}