{"version": "1", "message": "ERROR: Hidden Testcases server unreachable.", "problem_id": "m19_a1", "user_id": "jprasanthkumar28", "score": {"sample": {"0": {"execution_time": 0.1139533519744873, "passed": false}, "1": {"execution_time": 0.062042236328125, "passed": false}, "2": {"execution_time": 0.06241774559020996, "passed": false}, "3": {"execution_time": 0.0618586540222168, "passed": false}, "4": {"execution_time": 0.0615689754486084, "passed": false}, "5": {"execution_time": 0.06304478645324707, "passed": false}, "6": {"execution_time": 0.05995535850524902, "passed": false}, "7": {"execution_time": 0.06153368949890137, "passed": false}, "8": {"execution_time": 0.06104421615600586, "passed": false}, "9": {"execution_time": 0.06299591064453125, "passed": false}, "10": {"execution_time": 0.06604433059692383, "passed": false}, "11": {"execution_time": 0.06261992454528809, "passed": false}, "12": {"execution_time": 0.06146430969238281, "passed": false}}}, "pylint_score": "-4/10"}