{"version": "1", "message": "ERROR: Hidden Testcases server unreachable.", "problem_id": "m19_a1", "user_id": "jprasanthkumar28", "score": {"sample": {"0": {"execution_time": 0.10356593132019043, "passed": false}, "1": {"execution_time": 0.062024831771850586, "passed": false}, "2": {"execution_time": 0.06504559516906738, "passed": false}, "3": {"execution_time": 0.061023712158203125, "passed": false}, "4": {"execution_time": 0.06354308128356934, "passed": false}, "5": {"execution_time": 0.06272482872009277, "passed": false}, "6": {"execution_time": 0.06404781341552734, "passed": false}, "7": {"execution_time": 0.06156468391418457, "passed": false}, "8": {"execution_time": 0.0622408390045166, "passed": false}, "9": {"execution_time": 0.0600438117980957, "passed": false}, "10": {"execution_time": 0.06182122230529785, "passed": false}, "11": {"execution_time": 0.06100320816040039, "passed": false}, "12": {"execution_time": 0.06104564666748047, "passed": false}}}, "pylint_score": "-4/10"}